variant	score
K131C	NA
K131F	NA
K131K	NA
K131W	NA
N132N	NA
N132W	NA
L133D	NA
L133H	NA
L133L	NA
L133N	NA
H134A	NA
H134E	NA
H134H	NA
H134K	NA
H134M	NA
H134W	NA
P135C	NA
P135E	NA
P135F	NA
P135G	NA
P135K	NA
P135M	NA
P135P	NA
P135V	NA
P135W	NA
D136D	NA
D136F	NA
D136K	NA
D136M	NA
D136T	NA
D136W	NA
I137D	NA
I137E	NA
I137I	NA
I137Q	NA
I137W	NA
D138D	NA
D138K	NA
D138M	NA
D138W	NA
N139C	NA
N139N	NA
N139V	NA
N139W	NA
K140C	NA
K140F	NA
K140K	NA
K140W	NA
A141A	NA
A141C	NA
A141E	NA
A141F	NA
A141H	NA
A141I	NA
A141K	NA
A141L	NA
A141M	NA
A141N	NA
A141Q	NA
A141R	NA
A141W	NA
A141Y	NA
L142D	NA
L142H	NA
L142L	NA
L142N	NA
Y143G	NA
Y143M	NA
Y143T	NA
Y143W	NA
Y143Y	NA
D144D	NA
D144K	NA
D144M	NA
D144Q	NA
D144W	NA
T145C	NA
T145E	NA
T145F	NA
T145G	NA
T145H	NA
T145K	NA
T145L	NA
T145M	NA
T145Q	NA
T145R	NA
T145T	NA
T145W	NA
T145Y	NA
F146D	NA
F146E	NA
F146F	NA
F146K	NA
F146M	NA
F146Q	NA
S147E	NA
S147I	NA
S147K	NA
S147M	NA
S147Q	NA
S147R	NA
S147S	NA
S147V	NA
V148C	NA
V148D	NA
V148H	NA
V148I	NA
V148K	NA
V148N	NA
V148P	NA
V148Q	NA
V148R	NA
V148S	NA
V148T	NA
V148V	NA
V148Y	NA
F149E	NA
F149F	NA
F149H	NA
F149K	NA
F149M	NA
F149Q	NA
F149R	NA
F149T	NA
G150F	NA
G150G	NA
G150I	NA
G150K	NA
G150M	NA
G150Q	NA
D151C	NA
D151D	NA
D151F	NA
D151I	NA
D151K	NA
D151M	NA
D151P	NA
D151Q	NA
D151R	NA
D151S	NA
D151T	NA
D151W	NA
I152E	NA
I152I	NA
I152Q	NA
I152W	NA
L153C	NA
L153D	NA
L153E	NA
L153H	NA
L153I	NA
L153K	NA
L153L	NA
L153N	NA
L153Q	NA
L153T	NA
S154D	NA
S154E	NA
S154G	NA
S154I	NA
S154K	NA
S154M	NA
S154N	NA
S154Q	NA
S154R	NA
S154S	NA
S154V	NA
S154W	NA
S155E	NA
S155F	NA
S155H	NA
S155L	NA
S155M	NA
S155Q	NA
S155S	NA
S155V	NA
S155W	NA
S155Y	NA
K156C	NA
K156F	NA
K156K	NA
K156W	NA
I157E	NA
I157I	NA
I157Q	NA
I157W	NA
A158A	NA
A158C	NA
A158E	NA
A158H	NA
A158I	NA
A158K	NA
A158L	NA
A158M	NA
A158N	NA
A158Q	NA
A158W	NA
A158Y	NA
T159C	NA
T159D	NA
T159E	NA
T159H	NA
T159M	NA
T159Q	NA
T159R	NA
T159T	NA
T159V	NA
T159W	NA
T159Y	NA
D160D	NA
D160M	NA
D160W	NA
E161C	NA
E161E	NA
E161F	NA
E161I	NA
E161M	NA
E161T	NA
E161W	NA
N162C	NA
N162E	NA
N162M	NA
N162N	NA
N162W	NA
G163F	NA
G163G	NA
G163H	NA
G163K	NA
G163M	NA
G163N	NA
G163Q	NA
G163T	NA
G163Y	NA
K164A	NA
K164C	NA
K164F	NA
K164K	NA
K164M	NA
K164V	NA
K164W	NA
S165E	NA
S165G	NA
S165I	NA
S165K	NA
S165M	NA
S165N	NA
S165Q	NA
S165R	NA
S165S	NA
K166A	NA
K166C	NA
K166F	NA
K166G	NA
K166K	NA
K166P	NA
K166V	NA
K166W	NA
K166Y	NA
G167G	NA
G167H	NA
G167I	NA
G167K	NA
G167L	NA
G167M	NA
G167Q	NA
F168A	NA
F168D	NA
F168E	NA
F168F	NA
F168H	NA
F168K	NA
F168M	NA
F168N	NA
F168Q	NA
F168R	NA
F168T	NA
F168W	NA
G169F	NA
G169G	NA
G169H	NA
G169I	NA
G169L	NA
G169M	NA
G169N	NA
G169Y	NA
F170E	NA
F170F	NA
F170H	NA
F170K	NA
F170M	NA
F170N	NA
F170Q	NA
F170T	NA
F170W	NA
V171C	NA
V171K	NA
V171Q	NA
V171V	NA
V171W	NA
H172A	NA
H172C	NA
H172E	NA
H172F	NA
H172G	NA
H172H	NA
H172I	NA
H172K	NA
H172M	NA
H172V	NA
H172W	NA
F173A	NA
F173E	NA
F173F	NA
F173K	NA
F173M	NA
F173Q	NA
E174C	NA
E174E	NA
E174F	NA
E174I	NA
E174M	NA
E174N	NA
E174R	NA
E174S	NA
E174T	NA
E174W	NA
E175C	NA
E175E	NA
E175F	NA
E175H	NA
E175M	NA
E175T	NA
E175W	NA
E176C	NA
E176E	NA
E176F	NA
E176I	NA
E176M	NA
E176P	NA
E176R	NA
E176S	NA
E176W	NA
G177F	NA
G177G	NA
G177H	NA
G177I	NA
G177K	NA
G177L	NA
G177M	NA
G177N	NA
G177P	NA
G177Q	NA
G177W	NA
G177Y	NA
A178A	NA
A178C	NA
A178F	NA
A178H	NA
A178K	NA
A178L	NA
A178M	NA
A178N	NA
A178Q	NA
A178R	NA
A178W	NA
A178Y	NA
A179A	NA
A179C	NA
A179K	NA
A179M	NA
A179N	NA
A179Q	NA
A179R	NA
A179W	NA
K180A	NA
K180C	NA
K180F	NA
K180G	NA
K180H	NA
K180I	NA
K180K	NA
K180L	NA
K180V	NA
K180Y	NA
E181C	NA
E181E	NA
E181F	NA
E181H	NA
E181I	NA
E181L	NA
E181M	NA
E181N	NA
E181P	NA
E181R	NA
E181S	NA
E181T	NA
E181W	NA
E181Y	NA
A182A	NA
A182C	NA
A182F	NA
A182K	NA
A182L	NA
A182M	NA
A182N	NA
A182Q	NA
A182R	NA
A182W	NA
A182Y	NA
I183A	NA
I183C	NA
I183E	NA
I183I	NA
I183Q	NA
I183R	NA
I183W	NA
I183Y	NA
D184C	NA
D184D	NA
D184F	NA
D184I	NA
D184K	NA
D184L	NA
D184M	NA
D184P	NA
D184Q	NA
D184R	NA
D184S	NA
D184T	NA
D184W	NA
A185A	NA
A185C	NA
A185E	NA
A185F	NA
A185I	NA
A185K	NA
A185L	NA
A185M	NA
A185N	NA
A185Q	NA
A185R	NA
A185W	NA
A185Y	NA
L186A	NA
L186C	NA
L186D	NA
L186E	NA
L186G	NA
L186H	NA
L186I	NA
L186K	NA
L186L	NA
L186N	NA
L186Q	NA
L186R	NA
L186T	NA
L186Y	NA
N187A	NA
N187C	NA
N187G	NA
N187N	NA
N187Q	NA
N187W	NA
G188F	NA
G188G	NA
G188I	NA
G188K	NA
G188M	NA
G188N	NA
G188Q	NA
G188T	NA
G188W	NA
M189A	NA
M189C	NA
M189D	NA
M189E	NA
M189G	NA
M189H	NA
M189M	NA
M189N	NA
M189P	NA
M189Q	NA
M189S	NA
M189W	NA
M189Y	NA
L190A	NA
L190C	NA
L190D	NA
L190E	NA
L190F	NA
L190G	NA
L190H	NA
L190I	NA
L190K	NA
L190L	NA
L190N	NA
L190S	NA
L190T	NA
L190W	NA
L190Y	NA
L191A	NA
L191C	NA
L191D	NA
L191E	NA
L191H	NA
L191K	NA
L191L	NA
L191N	NA
L191Q	NA
L191R	NA
L191Y	NA
N192C	NA
N192F	NA
N192G	NA
N192L	NA
N192M	NA
N192N	NA
N192R	NA
N192V	NA
N192W	NA
G193E	NA
G193F	NA
G193G	NA
G193H	NA
G193I	NA
G193K	NA
G193L	NA
G193M	NA
G193N	NA
G193P	NA
G193Q	NA
G193T	NA
G193W	NA
G193Y	NA
Q194A	NA
Q194C	NA
Q194D	NA
Q194F	NA
Q194I	NA
Q194M	NA
Q194Q	NA
Q194T	NA
Q194V	NA
Q194W	NA
Q194Y	NA
E195C	NA
E195E	NA
E195F	NA
E195I	NA
E195L	NA
E195M	NA
E195R	NA
E195T	NA
E195W	NA
E195Y	NA
I196A	NA
I196C	NA
I196D	NA
I196E	NA
I196G	NA
I196I	NA
I196K	NA
I196Q	NA
I196W	NA
I196Y	NA
Y197E	NA
Y197I	NA
Y197K	NA
Y197M	NA
Y197T	NA
Y197V	NA
Y197W	NA
Y197Y	NA
